fan_out,seq_median,seq_min,seq_max,par_median,par_min,par_max,speedup,efficiency
2,3.309,3.068,7.476,1.897,1.664,2.252,1.744,0.872
3,4.801,4.299,5.866,2.185,1.409,3.776,2.197,0.732
4,6.146,5.836,6.364,1.902,1.677,2.470,3.231,0.808
5,9.494,8.803,17.334,2.968,2.330,16.850,3.199,0.640
6,9.911,9.375,13.824,2.972,2.559,3.850,3.335,0.556
7,12.173,10.553,15.863,2.961,2.620,3.995,4.110,0.587
8,13.540,12.697,14.445,3.360,2.902,5.117,4.029,0.504
9,15.257,14.438,20.298,3.452,3.260,4.407,4.419,0.491
10,16.167,14.974,18.207,3.968,3.786,4.504,4.074,0.407
